id,code,camp_id
FF0F3E0B020000,001/Helmet BLACK M,a2eb2837e1190e5dd7ee0b37203f12cf
FF0F660F020000,002/Helmet BLACK M,a2eb2837e1190e5dd7ee0b37203f12cf
FF0F2F19020000,003/Helmet BLACK M,a2eb2837e1190e5dd7ee0b37203f12cf
FF0F5F1E020000,004/Helmet BLACK M,a2eb2837e1190e5dd7ee0b37203f12cf
FF0F4C27020000,005/Helmet BLACK M,a2eb2837e1190e5dd7ee0b37203f12cf
FF0F0E2D020000,006/Helmet BLACK M,a2eb2837e1190e5dd7ee0b37203f12cf
FF0F2137020000,007/Helmet BLACK M,a2eb2837e1190e5dd7ee0b37203f12cf
FF0F7E3D020000,008/Helmet BLACK M,a2eb2837e1190e5dd7ee0b37203f12cf
FF0F6B1E020000,009/Helmet BLACK M,a2eb2837e1190e5dd7ee0b37203f12cf
FF0F5827020000,010/Helmet BLACK M,a2eb2837e1190e5dd7ee0b37203f12cf
FF0F1A2D020000,011/Helmet BLACK M,a2eb2837e1190e5dd7ee0b37203f12cf
FF0F2D37020000,012/Helmet BLACK M,a2eb2837e1190e5dd7ee0b37203f12cf
FF0F8A3D020000,013/Helmet BLACK M,a2eb2837e1190e5dd7ee0b37203f12cf
FF0F771E020000,014/Helmet BLACK M,a2eb2837e1190e5dd7ee0b37203f12cf
FF0F6427020000,015/Helmet BLACK M,a2eb2837e1190e5dd7ee0b37203f12cf
FF0F262D020000,016/Helmet BLACK M,a2eb2837e1190e5dd7ee0b37203f12cf
FF0F3937020000,017/Helmet BLACK M,a2eb2837e1190e5dd7ee0b37203f12cf
FF0F963D020000,018/Helmet BLACK M,a2eb2837e1190e5dd7ee0b37203f12cf
FF0F831E020000,019/Helmet BLACK M,a2eb2837e1190e5dd7ee0b37203f12cf
FF0F7027020000,020/Helmet BLACK M,a2eb2837e1190e5dd7ee0b37203f12cf
FF0F322D020000,021/Helmet BLACK M,a2eb2837e1190e5dd7ee0b37203f12cf
FF0F4537020000,022/Helmet BLACK M,a2eb2837e1190e5dd7ee0b37203f12cf
FF0FA23D020000,023/Helmet BLACK M,a2eb2837e1190e5dd7ee0b37203f12cf
FF0F8F1E020000,024/Helmet BLACK M,a2eb2837e1190e5dd7ee0b37203f12cf
FF0F7C27020000,025/Helmet BLACK M,a2eb2837e1190e5dd7ee0b37203f12cf
FF0F3E2D020000,026/Helmet BLACK M,a2eb2837e1190e5dd7ee0b37203f12cf
FF0F5137020000,027/Helmet BLACK M,a2eb2837e1190e5dd7ee0b37203f12cf
FF0FAE3D020000,028/Helmet BLACK M,a2eb2837e1190e5dd7ee0b37203f12cf
FF0F9B1E020000,029/Helmet BLACK M,a2eb2837e1190e5dd7ee0b37203f12cf
FF0F8827020000,030/Helmet BLACK M,a2eb2837e1190e5dd7ee0b37203f12cf
FF0F4A2D020000,031/Helmet BLACK M,a2eb2837e1190e5dd7ee0b37203f12cf
FF0F5D37020000,032/Helmet BLACK M,a2eb2837e1190e5dd7ee0b37203f12cf
FF0FBA3D020000,033/Helmet BLACK M,a2eb2837e1190e5dd7ee0b37203f12cf
FF0F1E48020000,034/Helmet BLACK M,a2eb2837e1190e5dd7ee0b37203f12cf
FF0FBA4E020000,035/Helmet BLACK M,a2eb2837e1190e5dd7ee0b37203f12cf
FF0FB15A020000,036/Helmet BLACK M,a2eb2837e1190e5dd7ee0b37203f12cf
FF0F5B61020000,037/Helmet BLACK M,a2eb2837e1190e5dd7ee0b37203f12cf
FF0F5E6D020000,038/Helmet BLACK M,a2eb2837e1190e5dd7ee0b37203f12cf
FF0F2A48020000,039/Helmet BLACK M,a2eb2837e1190e5dd7ee0b37203f12cf
FF0FC64E020000,040/Helmet BLACK M,a2eb2837e1190e5dd7ee0b37203f12cf
FF0FBD5A020000,041/Helmet WHITE S,a2eb2837e1190e5dd7ee0b37203f12cf
FF0F6761020000,042/Helmet WHITE S,a2eb2837e1190e5dd7ee0b37203f12cf
FF0F6A6D020000,043/Helmet WHITE S,a2eb2837e1190e5dd7ee0b37203f12cf
FF0F3648020000,044/Helmet WHITE S,a2eb2837e1190e5dd7ee0b37203f12cf
FF0FC95A020000,045/Helmet WHITE S,a2eb2837e1190e5dd7ee0b37203f12cf
FF0FD24E020000,046/Helmet WHITE S,a2eb2837e1190e5dd7ee0b37203f12cf
FF0F7361020000,047/Helmet WHITE S,a2eb2837e1190e5dd7ee0b37203f12cf
FF0F766D020000,048/Helmet WHITE S,a2eb2837e1190e5dd7ee0b37203f12cf
FF0F4248020000,049/Helmet WHITE S,a2eb2837e1190e5dd7ee0b37203f12cf
FF0FDE4E020000,050/Helmet WHITE S,a2eb2837e1190e5dd7ee0b37203f12cf
FF0FD55A020000,051/Helmet BLACK XL,a2eb2837e1190e5dd7ee0b37203f12cf
FF0F7F61020000,052/Helmet BLACK XL,a2eb2837e1190e5dd7ee0b37203f12cf
FF0F826D020000,053/Helmet BLACK XL,a2eb2837e1190e5dd7ee0b37203f12cf
FF0F4E48020000,054/Helmet BLACK XL,a2eb2837e1190e5dd7ee0b37203f12cf
FF0FEA4E020000,055/Helmet BLACK XL,a2eb2837e1190e5dd7ee0b37203f12cf
FF0F8B61020000,056/Helmet BLACK XL,a2eb2837e1190e5dd7ee0b37203f12cf
FF0F8E6D020000,057/Helmet BLACK XL,a2eb2837e1190e5dd7ee0b37203f12cf
FF0F5A48020000,058/Helmet BLACK XL,a2eb2837e1190e5dd7ee0b37203f12cf
FF0FF64E020000,059/Helmet BLACK XL,a2eb2837e1190e5dd7ee0b37203f12cf
FF0FED5A020000,060/Helmet BLACK XL,a2eb2837e1190e5dd7ee0b37203f12cf
FF0F9761020000,061/Helmet BLACK L,a2eb2837e1190e5dd7ee0b37203f12cf
FF0F9A6D020000,062/Helmet BLACK L,a2eb2837e1190e5dd7ee0b37203f12cf
FF0F9673020000,063/Helmet BLACK L,a2eb2837e1190e5dd7ee0b37203f12cf
FF0F2480020000,064/Helmet BLACK L,a2eb2837e1190e5dd7ee0b37203f12cf
FF0F6B87020000,065/Helmet BLACK L,a2eb2837e1190e5dd7ee0b37203f12cf
FF0FBD94020000,066/Helmet BLACK L,a2eb2837e1190e5dd7ee0b37203f12cf
FF0F4D9C020000,067/Helmet BLACK L,a2eb2837e1190e5dd7ee0b37203f12cf
FF0FA273020000,068/Helmet BLACK L,a2eb2837e1190e5dd7ee0b37203f12cf
FF0F3080020000,069/Helmet BLACK L,a2eb2837e1190e5dd7ee0b37203f12cf
FF0F7787020000,070/Helmet BLACK L,a2eb2837e1190e5dd7ee0b37203f12cf
FF0FC994020000,071/Helmet BLACK L,a2eb2837e1190e5dd7ee0b37203f12cf
FF0F599C020000,072/Helmet BLACK L,a2eb2837e1190e5dd7ee0b37203f12cf
FF0FAE73020000,073/Helmet BLACK L,a2eb2837e1190e5dd7ee0b37203f12cf
FF0F3C80020000,074/Helmet BLACK L,a2eb2837e1190e5dd7ee0b37203f12cf
FF0F8387020000,075/Helmet BLACK L,a2eb2837e1190e5dd7ee0b37203f12cf
FF0FD594020000,076/Helmet BLACK L,a2eb2837e1190e5dd7ee0b37203f12cf
FF0F659C020000,077/Helmet BLACK L,a2eb2837e1190e5dd7ee0b37203f12cf
FF0FBA73020000,078/Helmet BLACK L,a2eb2837e1190e5dd7ee0b37203f12cf
FF0F4880020000,079/Helmet BLACK L,a2eb2837e1190e5dd7ee0b37203f12cf
FF0F8F87020000,080/Helmet BLACK L,a2eb2837e1190e5dd7ee0b37203f12cf
FF0FE194020000,081/Helmet BLACK L,a2eb2837e1190e5dd7ee0b37203f12cf
FF0F719C020000,082/Helmet BLACK L,a2eb2837e1190e5dd7ee0b37203f12cf
FF0FC673020000,083/Helmet BLACK L,a2eb2837e1190e5dd7ee0b37203f12cf
FF0F5480020000,084/Helmet BLACK L,a2eb2837e1190e5dd7ee0b37203f12cf
FF0F9B87020000,085/Helmet BLACK L,a2eb2837e1190e5dd7ee0b37203f12cf
FF0FED94020000,086/Helmet BLACK L,a2eb2837e1190e5dd7ee0b37203f12cf
FF0F7D9C020000,087/Helmet BLACK L,a2eb2837e1190e5dd7ee0b37203f12cf
FF0FD273020000,088/Helmet BLACK L,a2eb2837e1190e5dd7ee0b37203f12cf
FF0F6080020000,089/Helmet BLACK L,a2eb2837e1190e5dd7ee0b37203f12cf
FF0FA787020000,090/Helmet BLACK L,a2eb2837e1190e5dd7ee0b37203f12cf
FF0FF994020000,091/Helmet BLACK L,a2eb2837e1190e5dd7ee0b37203f12cf
FF0F899C020000,092/Helmet BLACK L,a2eb2837e1190e5dd7ee0b37203f12cf
FF0F27A8020000,093/Helmet BLACK L,a2eb2837e1190e5dd7ee0b37203f12cf
FF0FBCAF020000,094/Helmet BLACK L,a2eb2837e1190e5dd7ee0b37203f12cf
FF0F5CBC020000,095/Helmet BLACK L,a2eb2837e1190e5dd7ee0b37203f12cf
FF0FF1C3020000,096/Helmet BLACK L,a2eb2837e1190e5dd7ee0b37203f12cf
FF0F91D0020000,097/Helmet BLACK L,a2eb2837e1190e5dd7ee0b37203f12cf
FF0F32A8020000,098/Helmet BLACK L,a2eb2837e1190e5dd7ee0b37203f12cf
FF0FC8AF020000,099/Helmet BLACK L,a2eb2837e1190e5dd7ee0b37203f12cf
FF0F68BC020000,100/Helmet BLACK L,a2eb2837e1190e5dd7ee0b37203f12cf
